id	camera_l	depth	qw	qx	qy	qz	tx	ty	tz	fx	fy	cx	cy
0	2011_09_26/2011_09_26_drive_0095_sync/image_02/data/0000000006.png	val/2011_09_26_drive_0095_sync/proj_depth/groundtruth/image_02/0000000006.png	1.000000	0.000000	0.000000	0.000000	0.000000	0.000000	0.000000	0.580948	1.924101	0.490788	0.460944
1	2011_09_26/2011_09_26_drive_0095_sync/image_02/data/0000000008.png	val/2011_09_26_drive_0095_sync/proj_depth/groundtruth/image_02/0000000008.png	0.999985	0.001888	-0.002081	0.004610	0.022921	0.016723	1.826188	0.580948	1.924101	0.490788	0.460944
2	2011_09_26/2011_09_26_drive_0095_sync/image_02/data/0000000010.png	val/2011_09_26_drive_0095_sync/proj_depth/groundtruth/image_02/0000000010.png	0.999994	-0.001913	-0.002336	0.001810	0.018733	0.028722	1.850082	0.580948	1.924101	0.490788	0.460944
3	2011_09_26/2011_09_26_drive_0095_sync/image_02/data/0000000012.png	val/2011_09_26_drive_0095_sync/proj_depth/groundtruth/image_02/0000000012.png	0.999980	0.001045	-0.001013	0.006191	0.033682	0.018617	1.770097	0.580948	1.924101	0.490788	0.460944
0	2011_09_26/2011_09_26_drive_0095_sync/image_02/data/0000000009.png	val/2011_09_26_drive_0095_sync/proj_depth/groundtruth/image_02/0000000009.png	1.000000	0.000000	0.000000	0.000000	0.000000	0.000000	0.000000	0.580948	1.924101	0.490788	0.460944
1	2011_09_26/2011_09_26_drive_0095_sync/image_02/data/0000000011.png	val/2011_09_26_drive_0095_sync/proj_depth/groundtruth/image_02/0000000011.png	0.999994	-0.001793	-0.001920	0.002156	0.018177	0.025295	1.858737	0.580948	1.924101	0.490788	0.460944
2	2011_09_26/2011_09_26_drive_0095_sync/image_02/data/0000000013.png	val/2011_09_26_drive_0095_sync/proj_depth/groundtruth/image_02/0000000013.png	0.999989	0.000226	-0.000097	0.004638	0.037140	0.022871	1.869526	0.580948	1.924101	0.490788	0.460944
3	2011_09_26/2011_09_26_drive_0095_sync/image_02/data/0000000015.png	val/2011_09_26_drive_0095_sync/proj_depth/groundtruth/image_02/0000000015.png	0.999996	0.001250	-0.000103	0.002365	0.031976	0.018509	1.799892	0.580948	1.924101	0.490788	0.460944
0	2011_09_26/2011_09_26_drive_0095_sync/image_02/data/0000000014.png	val/2011_09_26_drive_0095_sync/proj_depth/groundtruth/image_02/0000000014.png	1.000000	0.000000	0.000000	0.000000	0.000000	0.000000	0.000000	0.580948	1.924101	0.490788	0.460944
1	2011_09_26/2011_09_26_drive_0095_sync/image_02/data/0000000016.png	val/2011_09_26_drive_0095_sync/proj_depth/groundtruth/image_02/0000000016.png	0.999993	0.003223	0.000283	0.001837	0.033088	0.022841	1.896120	0.580948	1.924101	0.490788	0.460944
2	2011_09_26/2011_09_26_drive_0095_sync/image_02/data/0000000018.png	val/2011_09_26_drive_0095_sync/proj_depth/groundtruth/image_02/0000000018.png	0.999996	-0.002193	0.000890	-0.001555	0.021673	0.029004	1.836209	0.580948	1.924101	0.490788	0.460944
3	2011_09_26/2011_09_26_drive_0095_sync/image_02/data/0000000020.png	val/2011_09_26_drive_0095_sync/proj_depth/groundtruth/image_02/0000000020.png	0.999989	0.003901	0.000698	-0.002598	0.010349	0.013856	1.930310	0.580948	1.924101	0.490788	0.460944
0	2011_09_26/2011_09_26_drive_0095_sync/image_02/data/0000000017.png	val/2011_09_26_drive_0095_sync/proj_depth/groundtruth/image_02/0000000017.png	1.000000	0.000000	0.000000	0.000000	0.000000	0.000000	0.000000	0.580948	1.924101	0.490788	0.460944
1	2011_09_26/2011_09_26_drive_0095_sync/image_02/data/0000000019.png	val/2011_09_26_drive_0095_sync/proj_depth/groundtruth/image_02/0000000019.png	0.999990	-0.001161	0.001070	-0.004145	0.009530	0.022430	1.934537	0.580948	1.924101	0.490788	0.460944
2	2011_09_26/2011_09_26_drive_0095_sync/image_02/data/0000000021.png	val/2011_09_26_drive_0095_sync/proj_depth/groundtruth/image_02/0000000021.png	0.999976	0.006896	0.000380	-0.000021	0.018657	0.016396	1.933089	0.580948	1.924101	0.490788	0.460944
3	2011_09_26/2011_09_26_drive_0095_sync/image_02/data/0000000023.png	val/2011_09_26_drive_0095_sync/proj_depth/groundtruth/image_02/0000000023.png	0.999976	-0.005446	0.000517	-0.004206	0.009797	0.035691	1.877612	0.580948	1.924101	0.490788	0.460944
0	2011_09_26/2011_09_26_drive_0095_sync/image_02/data/0000000022.png	val/2011_09_26_drive_0095_sync/proj_depth/groundtruth/image_02/0000000022.png	1.000000	0.000000	0.000000	0.000000	0.000000	0.000000	0.000000	0.580948	1.924101	0.490788	0.460944
1	2011_09_26/2011_09_26_drive_0095_sync/image_02/data/0000000024.png	val/2011_09_26_drive_0095_sync/proj_depth/groundtruth/image_02/0000000024.png	0.999932	-0.010606	0.000387	-0.004886	0.006463	0.043471	1.990947	0.580948	1.924101	0.490788	0.460944
2	2011_09_26/2011_09_26_drive_0095_sync/image_02/data/0000000026.png	val/2011_09_26_drive_0095_sync/proj_depth/groundtruth/image_02/0000000026.png	0.999999	0.001131	0.000316	-0.000154	0.018839	0.019629	1.882070	0.580948	1.924101	0.490788	0.460944
3	2011_09_26/2011_09_26_drive_0095_sync/image_02/data/0000000028.png	val/2011_09_26_drive_0095_sync/proj_depth/groundtruth/image_02/0000000028.png	0.999958	0.008573	-0.000129	0.003104	0.032941	0.011927	1.962645	0.580948	1.924101	0.490788	0.460944
0	2011_09_26/2011_09_26_drive_0095_sync/image_02/data/0000000025.png	val/2011_09_26_drive_0095_sync/proj_depth/groundtruth/image_02/0000000025.png	1.000000	0.000000	0.000000	0.000000	0.000000	0.000000	0.000000	0.580948	1.924101	0.490788	0.460944
1	2011_09_26/2011_09_26_drive_0095_sync/image_02/data/0000000027.png	val/2011_09_26_drive_0095_sync/proj_depth/groundtruth/image_02/0000000027.png	0.999962	0.008537	0.000177	0.001512	0.026828	0.009023	1.962836	0.580948	1.924101	0.490788	0.460944
2	2011_09_26/2011_09_26_drive_0095_sync/image_02/data/0000000029.png	val/2011_09_26_drive_0095_sync/proj_depth/groundtruth/image_02/0000000029.png	0.999991	0.002237	-0.000217	0.003700	0.034474	0.020942	1.879498	0.580948	1.924101	0.490788	0.460944
3	2011_09_26/2011_09_26_drive_0095_sync/image_02/data/0000000031.png	val/2011_09_26_drive_0095_sync/proj_depth/groundtruth/image_02/0000000031.png	0.999973	-0.007153	0.000113	0.001403	0.035759	0.032704	1.983967	0.580948	1.924101	0.490788	0.460944
0	2011_09_26/2011_09_26_drive_0095_sync/image_02/data/0000000030.png	val/2011_09_26_drive_0095_sync/proj_depth/groundtruth/image_02/0000000030.png	1.000000	0.000000	0.000000	0.000000	0.000000	0.000000	0.000000	0.580948	1.924101	0.490788	0.460944
1	2011_09_26/2011_09_26_drive_0095_sync/image_02/data/0000000032.png	val/2011_09_26_drive_0095_sync/proj_depth/groundtruth/image_02/0000000032.png	0.999995	-0.003190	0.000217	0.000590	0.030842	0.021129	1.876137	0.580948	1.924101	0.490788	0.460944
2	2011_09_26/2011_09_26_drive_0095_sync/image_02/data/0000000034.png	val/2011_09_26_drive_0095_sync/proj_depth/groundtruth/image_02/0000000034.png	0.999988	0.004668	0.000079	-0.001163	0.028368	0.011581	1.944887	0.580948	1.924101	0.490788	0.460944
3	2011_09_26/2011_09_26_drive_0095_sync/image_02/data/0000000036.png	val/2011_09_26_drive_0095_sync/proj_depth/groundtruth/image_02/0000000036.png	0.999990	-0.004398	0.000185	-0.001064	0.027348	0.028986	1.954099	0.580948	1.924101	0.490788	0.460944
0	2011_09_26/2011_09_26_drive_0095_sync/image_02/data/0000000033.png	val/2011_09_26_drive_0095_sync/proj_depth/groundtruth/image_02/0000000033.png	1.000000	0.000000	0.000000	0.000000	0.000000	0.000000	0.000000	0.580948	1.924101	0.490788	0.460944
1	2011_09_26/2011_09_26_drive_0095_sync/image_02/data/0000000035.png	val/2011_09_26_drive_0095_sync/proj_depth/groundtruth/image_02/0000000035.png	0.999997	0.001436	0.000128	-0.001955	0.024492	0.020611	1.853464	0.580948	1.924101	0.490788	0.460944
2	2011_09_26/2011_09_26_drive_0095_sync/image_02/data/0000000037.png	val/2011_09_26_drive_0095_sync/proj_depth/groundtruth/image_02/0000000037.png	0.999987	-0.005115	0.000220	-0.000265	0.031387	0.028062	1.949642	0.580948	1.924101	0.490788	0.460944
3	2011_09_26/2011_09_26_drive_0095_sync/image_02/data/0000000039.png	val/2011_09_26_drive_0095_sync/proj_depth/groundtruth/image_02/0000000039.png	0.999983	0.005466	-0.000158	-0.002063	0.027126	0.013577	1.911186	0.580948	1.924101	0.490788	0.460944
0	2011_09_26/2011_09_26_drive_0095_sync/image_02/data/0000000038.png	val/2011_09_26_drive_0095_sync/proj_depth/groundtruth/image_02/0000000038.png	1.000000	0.000000	0.000000	0.000000	0.000000	0.000000	0.000000	0.580948	1.924101	0.490788	0.460944
1	2011_09_26/2011_09_26_drive_0095_sync/image_02/data/0000000040.png	val/2011_09_26_drive_0095_sync/proj_depth/groundtruth/image_02/0000000040.png	0.999984	0.005594	-0.000183	-0.001256	0.028929	0.014296	1.905997	0.580948	1.924101	0.490788	0.460944
2	2011_09_26/2011_09_26_drive_0095_sync/image_02/data/0000000042.png	val/2011_09_26_drive_0095_sync/proj_depth/groundtruth/image_02/0000000042.png	0.999989	-0.003989	-0.000020	-0.002454	0.012292	0.027295	1.907476	0.580948	1.924101	0.490788	0.460944
3	2011_09_26/2011_09_26_drive_0095_sync/image_02/data/0000000044.png	val/2011_09_26_drive_0095_sync/proj_depth/groundtruth/image_02/0000000044.png	0.999998	-0.002029	-0.000335	0.000707	0.015089	0.022309	1.892786	0.580948	1.924101	0.490788	0.460944
0	2011_09_26/2011_09_26_drive_0095_sync/image_02/data/0000000041.png	val/2011_09_26_drive_0095_sync/proj_depth/groundtruth/image_02/0000000041.png	1.000000	0.000000	0.000000	0.000000	0.000000	0.000000	0.000000	0.580948	1.924101	0.490788	0.460944
1	2011_09_26/2011_09_26_drive_0095_sync/image_02/data/0000000043.png	val/2011_09_26_drive_0095_sync/proj_depth/groundtruth/image_02/0000000043.png	0.999991	-0.004027	-0.000028	-0.001473	0.006931	0.024191	1.805738	0.580948	1.924101	0.490788	0.460944
2	2011_09_26/2011_09_26_drive_0095_sync/image_02/data/0000000045.png	val/2011_09_26_drive_0095_sync/proj_depth/groundtruth/image_02/0000000045.png	0.999999	0.000824	-0.000780	0.000512	0.017707	0.018737	1.975526	0.580948	1.924101	0.490788	0.460944
3	2011_09_26/2011_09_26_drive_0095_sync/image_02/data/0000000047.png	val/2011_09_26_drive_0095_sync/proj_depth/groundtruth/image_02/0000000047.png	0.999998	0.001131	-0.000616	0.001544	0.025157	0.020161	1.776603	0.580948	1.924101	0.490788	0.460944
0	2011_09_26/2011_09_26_drive_0095_sync/image_02/data/0000000046.png	val/2011_09_26_drive_0095_sync/proj_depth/groundtruth/image_02/0000000046.png	1.000000	0.000000	0.000000	0.000000	0.000000	0.000000	0.000000	0.580948	1.924101	0.490788	0.460944
1	2011_09_26/2011_09_26_drive_0095_sync/image_02/data/0000000048.png	val/2011_09_26_drive_0095_sync/proj_depth/groundtruth/image_02/0000000048.png	0.999999	0.000324	-0.000176	-0.001311	0.016788	0.019184	1.864062	0.580948	1.924101	0.490788	0.460944
2	2011_09_26/2011_09_26_drive_0095_sync/image_02/data/0000000050.png	val/2011_09_26_drive_0095_sync/proj_depth/groundtruth/image_02/0000000050.png	0.999991	-0.003479	0.001256	0.002139	0.013101	0.028234	1.861528	0.580948	1.924101	0.490788	0.460944
3	2011_09_26/2011_09_26_drive_0095_sync/image_02/data/0000000052.png	val/2011_09_26_drive_0095_sync/proj_depth/groundtruth/image_02/0000000052.png	0.999999	0.000927	0.001396	0.000375	0.020597	0.013403	1.758169	0.580948	1.924101	0.490788	0.460944
0	2011_09_26/2011_09_26_drive_0095_sync/image_02/data/0000000049.png	val/2011_09_26_drive_0095_sync/proj_depth/groundtruth/image_02/0000000049.png	1.000000	0.000000	0.000000	0.000000	0.000000	0.000000	0.000000	0.580948	1.924101	0.490788	0.460944
1	2011_09_26/2011_09_26_drive_0095_sync/image_02/data/0000000051.png	val/2011_09_26_drive_0095_sync/proj_depth/groundtruth/image_02/0000000051.png	0.999986	-0.004316	0.001328	0.002849	0.021823	0.025724	1.859815	0.580948	1.924101	0.490788	0.460944
2	2011_09_26/2011_09_26_drive_0095_sync/image_02/data/0000000053.png	val/2011_09_26_drive_0095_sync/proj_depth/groundtruth/image_02/0000000053.png	0.999953	0.009587	0.000916	-0.001013	0.017260	0.007865	1.828668	0.580948	1.924101	0.490788	0.460944
3	2011_09_26/2011_09_26_drive_0095_sync/image_02/data/0000000055.png	val/2011_09_26_drive_0095_sync/proj_depth/groundtruth/image_02/0000000055.png	0.999999	0.000280	0.000804	-0.001233	0.011089	0.029380	1.748834	0.580948	1.924101	0.490788	0.460944
0	2011_09_26/2011_09_26_drive_0095_sync/image_02/data/0000000054.png	val/2011_09_26_drive_0095_sync/proj_depth/groundtruth/image_02/0000000054.png	1.000000	0.000000	0.000000	0.000000	0.000000	0.000000	0.000000	0.580948	1.924101	0.490788	0.460944
1	2011_09_26/2011_09_26_drive_0095_sync/image_02/data/0000000056.png	val/2011_09_26_drive_0095_sync/proj_depth/groundtruth/image_02/0000000056.png	0.999965	-0.007718	0.000779	-0.002986	-0.005105	0.036506	1.844845	0.580948	1.924101	0.490788	0.460944
2	2011_09_26/2011_09_26_drive_0095_sync/image_02/data/0000000058.png	val/2011_09_26_drive_0095_sync/proj_depth/groundtruth/image_02/0000000058.png	0.999999	-0.000243	-0.001104	-0.001260	-0.006178	0.020352	1.811119	0.580948	1.924101	0.490788	0.460944
3	2011_09_26/2011_09_26_drive_0095_sync/image_02/data/0000000060.png	val/2011_09_26_drive_0095_sync/proj_depth/groundtruth/image_02/0000000060.png	0.999998	-0.001229	-0.001732	0.000665	0.005086	0.024733	1.722106	0.580948	1.924101	0.490788	0.460944
0	2011_09_26/2011_09_26_drive_0095_sync/image_02/data/0000000057.png	val/2011_09_26_drive_0095_sync/proj_depth/groundtruth/image_02/0000000057.png	1.000000	0.000000	0.000000	0.000000	0.000000	0.000000	0.000000	0.580948	1.924101	0.490788	0.460944
1	2011_09_26/2011_09_26_drive_0095_sync/image_02/data/0000000059.png	val/2011_09_26_drive_0095_sync/proj_depth/groundtruth/image_02/0000000059.png	0.999997	0.001576	-0.001321	-0.000935	0.000587	0.020844	1.807303	0.580948	1.924101	0.490788	0.460944
2	2011_09_26/2011_09_26_drive_0095_sync/image_02/data/0000000061.png	val/2011_09_26_drive_0095_sync/proj_depth/groundtruth/image_02/0000000061.png	0.999992	-0.002575	-0.002912	0.000972	0.008546	0.023748	1.803977	0.580948	1.924101	0.490788	0.460944
3	2011_09_26/2011_09_26_drive_0095_sync/image_02/data/0000000063.png	val/2011_09_26_drive_0095_sync/proj_depth/groundtruth/image_02/0000000063.png	0.999985	0.002787	-0.004535	0.000859	0.007281	0.018541	1.702439	0.580948	1.924101	0.490788	0.460944
0	2011_09_26/2011_09_26_drive_0095_sync/image_02/data/0000000062.png	val/2011_09_26_drive_0095_sync/proj_depth/groundtruth/image_02/0000000062.png	1.000000	0.000000	0.000000	0.000000	0.000000	0.000000	0.000000	0.580948	1.924101	0.490788	0.460944
1	2011_09_26/2011_09_26_drive_0095_sync/image_02/data/0000000064.png	val/2011_09_26_drive_0095_sync/proj_depth/groundtruth/image_02/0000000064.png	0.999979	0.002615	-0.005581	0.001905	0.009120	0.022793	1.777939	0.580948	1.924101	0.490788	0.460944
2	2011_09_26/2011_09_26_drive_0095_sync/image_02/data/0000000066.png	val/2011_09_26_drive_0095_sync/proj_depth/groundtruth/image_02/0000000066.png	0.999982	-0.001119	-0.005552	0.002042	0.014821	0.022251	1.778768	0.580948	1.924101	0.490788	0.460944
3	2011_09_26/2011_09_26_drive_0095_sync/image_02/data/0000000068.png	val/2011_09_26_drive_0095_sync/proj_depth/groundtruth/image_02/0000000068.png	0.999982	-0.002897	-0.005277	0.000334	0.012864	0.029419	1.684089	0.580948	1.924101	0.490788	0.460944
0	2011_09_26/2011_09_26_drive_0095_sync/image_02/data/0000000065.png	val/2011_09_26_drive_0095_sync/proj_depth/groundtruth/image_02/0000000065.png	1.000000	0.000000	0.000000	0.000000	0.000000	0.000000	0.000000	0.580948	1.924101	0.490788	0.460944
1	2011_09_26/2011_09_26_drive_0095_sync/image_02/data/0000000067.png	val/2011_09_26_drive_0095_sync/proj_depth/groundtruth/image_02/0000000067.png	0.999982	-0.001315	-0.005903	0.000320	0.012624	0.025792	1.770821	0.580948	1.924101	0.490788	0.460944
2	2011_09_26/2011_09_26_drive_0095_sync/image_02/data/0000000069.png	val/2011_09_26_drive_0095_sync/proj_depth/groundtruth/image_02/0000000069.png	0.999969	-0.005918	-0.005165	0.000468	0.015543	0.031607	1.691674	0.580948	1.924101	0.490788	0.460944
3	2011_09_26/2011_09_26_drive_0095_sync/image_02/data/0000000071.png	val/2011_09_26_drive_0095_sync/proj_depth/groundtruth/image_02/0000000071.png	0.999981	0.000020	-0.005960	-0.001791	0.003666	0.020897	1.759197	0.580948	1.924101	0.490788	0.460944
0	2011_09_26/2011_09_26_drive_0095_sync/image_02/data/0000000070.png	val/2011_09_26_drive_0095_sync/proj_depth/groundtruth/image_02/0000000070.png	1.000000	0.000000	0.000000	0.000000	0.000000	0.000000	0.000000	0.580948	1.924101	0.490788	0.460944
1	2011_09_26/2011_09_26_drive_0095_sync/image_02/data/0000000072.png	val/2011_09_26_drive_0095_sync/proj_depth/groundtruth/image_02/0000000072.png	0.999960	0.006019	-0.006130	-0.002677	-0.022098	0.013393	1.651083	0.580948	1.924101	0.490788	0.460944
2	2011_09_26/2011_09_26_drive_0095_sync/image_02/data/0000000074.png	val/2011_09_26_drive_0095_sync/proj_depth/groundtruth/image_02/0000000074.png	0.999962	0.003353	-0.008028	0.001026	-0.028522	0.024560	1.726267	0.580948	1.924101	0.490788	0.460944
3	2011_09_26/2011_09_26_drive_0095_sync/image_02/data/0000000076.png	val/2011_09_26_drive_0095_sync/proj_depth/groundtruth/image_02/0000000076.png	0.999939	-0.004734	-0.009605	0.002594	-0.017612	0.028940	1.737155	0.580948	1.924101	0.490788	0.460944
0	2011_09_26/2011_09_26_drive_0095_sync/image_02/data/0000000073.png	val/2011_09_26_drive_0095_sync/proj_depth/groundtruth/image_02/0000000073.png	1.000000	0.000000	0.000000	0.000000	0.000000	0.000000	0.000000	0.580948	1.924101	0.490788	0.460944
1	2011_09_26/2011_09_26_drive_0095_sync/image_02/data/0000000075.png	val/2011_09_26_drive_0095_sync/proj_depth/groundtruth/image_02/0000000075.png	0.999963	-0.001787	-0.008234	0.001754	-0.021040	0.026028	1.648278	0.580948	1.924101	0.490788	0.460944
2	2011_09_26/2011_09_26_drive_0095_sync/image_02/data/0000000077.png	val/2011_09_26_drive_0095_sync/proj_depth/groundtruth/image_02/0000000077.png	0.999923	-0.003030	-0.011442	0.003642	-0.012406	0.027748	1.738116	0.580948	1.924101	0.490788	0.460944
3	2011_09_26/2011_09_26_drive_0095_sync/image_02/data/0000000079.png	val/2011_09_26_drive_0095_sync/proj_depth/groundtruth/image_02/0000000079.png	0.999913	-0.000455	-0.013174	0.000595	-0.017332	0.023076	1.730407	0.580948	1.924101	0.490788	0.460944
0	2011_09_26/2011_09_26_drive_0095_sync/image_02/data/0000000078.png	val/2011_09_26_drive_0095_sync/proj_depth/groundtruth/image_02/0000000078.png	1.000000	0.000000	0.000000	0.000000	0.000000	0.000000	0.000000	0.580948	1.924101	0.490788	0.460944
1	2011_09_26/2011_09_26_drive_0095_sync/image_02/data/0000000080.png	val/2011_09_26_drive_0095_sync/proj_depth/groundtruth/image_02/0000000080.png	0.999918	0.000379	-0.012501	-0.002568	-0.021703	0.023111	1.727239	0.580948	1.924101	0.490788	0.460944
2	2011_09_26/2011_09_26_drive_0095_sync/image_02/data/0000000082.png	val/2011_09_26_drive_0095_sync/proj_depth/groundtruth/image_02/0000000082.png	0.999955	0.002713	-0.008442	-0.003410	-0.012778	0.021818	1.722726	0.580948	1.924101	0.490788	0.460944
3	2011_09_26/2011_09_26_drive_0095_sync/image_02/data/0000000084.png	val/2011_09_26_drive_0095_sync/proj_depth/groundtruth/image_02/0000000084.png	0.999988	-0.000849	-0.004737	0.000205	0.013100	0.029033	1.655352	0.580948	1.924101	0.490788	0.460944
0	2011_09_26/2011_09_26_drive_0095_sync/image_02/data/0000000081.png	val/2011_09_26_drive_0095_sync/proj_depth/groundtruth/image_02/0000000081.png	1.000000	0.000000	0.000000	0.000000	0.000000	0.000000	0.000000	0.580948	1.924101	0.490788	0.460944
1	2011_09_26/2011_09_26_drive_0095_sync/image_02/data/0000000083.png	val/2011_09_26_drive_0095_sync/proj_depth/groundtruth/image_02/0000000083.png	0.999975	0.001500	-0.006520	-0.002476	-0.001602	0.027632	1.727812	0.580948	1.924101	0.490788	0.460944
2	2011_09_26/2011_09_26_drive_0095_sync/image_02/data/0000000085.png	val/2011_09_26_drive_0095_sync/proj_depth/groundtruth/image_02/0000000085.png	0.999987	-0.001120	-0.004528	0.002155	0.023981	0.025983	1.738624	0.580948	1.924101	0.490788	0.460944
3	2011_09_26/2011_09_26_drive_0095_sync/image_02/data/0000000087.png	val/2011_09_26_drive_0095_sync/proj_depth/groundtruth/image_02/0000000087.png	0.999988	0.000329	-0.003392	0.003580	0.036277	0.030671	1.748221	0.580948	1.924101	0.490788	0.460944
0	2011_09_26/2011_09_26_drive_0095_sync/image_02/data/0000000086.png	val/2011_09_26_drive_0095_sync/proj_depth/groundtruth/image_02/0000000086.png	1.000000	0.000000	0.000000	0.000000	0.000000	0.000000	0.000000	0.580948	1.924101	0.490788	0.460944
1	2011_09_26/2011_09_26_drive_0095_sync/image_02/data/0000000088.png	val/2011_09_26_drive_0095_sync/proj_depth/groundtruth/image_02/0000000088.png	0.999996	-0.001315	-0.002449	0.000800	0.032516	0.032141	1.763745	0.580948	1.924101	0.490788	0.460944
2	2011_09_26/2011_09_26_drive_0095_sync/image_02/data/0000000090.png	val/2011_09_26_drive_0095_sync/proj_depth/groundtruth/image_02/0000000090.png	0.999993	-0.001314	-0.001662	0.003067	0.040305	0.030217	1.778791	0.580948	1.924101	0.490788	0.460944
3	2011_09_26/2011_09_26_drive_0095_sync/image_02/data/0000000092.png	val/2011_09_26_drive_0095_sync/proj_depth/groundtruth/image_02/0000000092.png	0.999999	0.000448	-0.001091	0.000338	0.036586	0.027311	1.713065	0.580948	1.924101	0.490788	0.460944
0	2011_09_26/2011_09_26_drive_0095_sync/image_02/data/0000000089.png	val/2011_09_26_drive_0095_sync/proj_depth/groundtruth/image_02/0000000089.png	1.000000	0.000000	0.000000	0.000000	0.000000	0.000000	0.000000	0.580948	1.924101	0.490788	0.460944
1	2011_09_26/2011_09_26_drive_0095_sync/image_02/data/0000000091.png	val/2011_09_26_drive_0095_sync/proj_depth/groundtruth/image_02/0000000091.png	0.999993	0.000110	-0.001480	0.003455	0.044353	0.028501	1.789420	0.580948	1.924101	0.490788	0.460944
2	2011_09_26/2011_09_26_drive_0095_sync/image_02/data/0000000093.png	val/2011_09_26_drive_0095_sync/proj_depth/groundtruth/image_02/0000000093.png	0.999999	0.000018	-0.001084	0.001287	0.041140	0.031393	1.820150	0.580948	1.924101	0.490788	0.460944
3	2011_09_26/2011_09_26_drive_0095_sync/image_02/data/0000000095.png	val/2011_09_26_drive_0095_sync/proj_depth/groundtruth/image_02/0000000095.png	0.999999	0.000757	-0.000771	-0.000685	0.037101	0.027477	1.754577	0.580948	1.924101	0.490788	0.460944
0	2011_09_26/2011_09_26_drive_0095_sync/image_02/data/0000000098.png	val/2011_09_26_drive_0095_sync/proj_depth/groundtruth/image_02/0000000098.png	1.000000	0.000000	0.000000	0.000000	0.000000	0.000000	0.000000	0.580948	1.924101	0.490788	0.460944
1	2011_09_26/2011_09_26_drive_0095_sync/image_02/data/0000000100.png	val/2011_09_26_drive_0095_sync/proj_depth/groundtruth/image_02/0000000100.png	0.999996	-0.000721	0.000819	-0.002702	-0.034792	0.030784	1.908000	0.580948	1.924101	0.490788	0.460944
2	2011_09_26/2011_09_26_drive_0095_sync/image_02/data/0000000102.png	val/2011_09_26_drive_0095_sync/proj_depth/groundtruth/image_02/0000000102.png	0.999998	-0.000752	0.000968	-0.001799	-0.057551	0.030395	1.930549	0.580948	1.924101	0.490788	0.460944
3	2011_09_26/2011_09_26_drive_0095_sync/image_02/data/0000000104.png	val/2011_09_26_drive_0095_sync/proj_depth/groundtruth/image_02/0000000104.png	1.000000	-0.000264	0.000640	-0.000223	-0.029776	0.028703	1.933305	0.580948	1.924101	0.490788	0.460944
0	2011_09_26/2011_09_26_drive_0095_sync/image_02/data/0000000103.png	val/2011_09_26_drive_0095_sync/proj_depth/groundtruth/image_02/0000000103.png	1.000000	0.000000	0.000000	0.000000	0.000000	0.000000	0.000000	0.580948	1.924101	0.490788	0.460944
1	2011_09_26/2011_09_26_drive_0095_sync/image_02/data/0000000105.png	val/2011_09_26_drive_0095_sync/proj_depth/groundtruth/image_02/0000000105.png	0.999999	-0.000278	0.001184	0.000627	-0.018231	0.027093	1.933519	0.580948	1.924101	0.490788	0.460944
2	2011_09_26/2011_09_26_drive_0095_sync/image_02/data/0000000107.png	val/2011_09_26_drive_0095_sync/proj_depth/groundtruth/image_02/0000000107.png	0.999997	-0.000091	0.001919	0.001271	0.001336	0.026443	1.945557	0.580948	1.924101	0.490788	0.460944
3	2011_09_26/2011_09_26_drive_0095_sync/image_02/data/0000000109.png	val/2011_09_26_drive_0095_sync/proj_depth/groundtruth/image_02/0000000109.png	0.999999	-0.000541	0.001138	-0.000334	0.006341	0.025087	1.848209	0.580948	1.924101	0.490788	0.460944
0	2011_09_26/2011_09_26_drive_0095_sync/image_02/data/0000000106.png	val/2011_09_26_drive_0095_sync/proj_depth/groundtruth/image_02/0000000106.png	1.000000	0.000000	0.000000	0.000000	0.000000	0.000000	0.000000	0.580948	1.924101	0.490788	0.460944
1	2011_09_26/2011_09_26_drive_0095_sync/image_02/data/0000000108.png	val/2011_09_26_drive_0095_sync/proj_depth/groundtruth/image_02/0000000108.png	0.999998	-0.000533	0.001553	0.000828	0.008309	0.029054	1.941608	0.580948	1.924101	0.490788	0.460944
2	2011_09_26/2011_09_26_drive_0095_sync/image_02/data/0000000110.png	val/2011_09_26_drive_0095_sync/proj_depth/groundtruth/image_02/0000000110.png	0.999999	0.000891	0.000283	0.000702	0.013724	0.025733	1.938346	0.580948	1.924101	0.490788	0.460944
3	2011_09_26/2011_09_26_drive_0095_sync/image_02/data/0000000112.png	val/2011_09_26_drive_0095_sync/proj_depth/groundtruth/image_02/0000000112.png	0.999995	0.000886	-0.000712	-0.003065	0.004340	0.025057	1.855963	0.580948	1.924101	0.490788	0.460944
0	2011_09_26/2011_09_26_drive_0095_sync/image_02/data/0000000119.png	val/2011_09_26_drive_0095_sync/proj_depth/groundtruth/image_02/0000000119.png	1.000000	0.000000	0.000000	0.000000	0.000000	0.000000	0.000000	0.580948	1.924101	0.490788	0.460944
1	2011_09_26/2011_09_26_drive_0095_sync/image_02/data/0000000121.png	val/2011_09_26_drive_0095_sync/proj_depth/groundtruth/image_02/0000000121.png	0.999997	-0.001364	0.000981	-0.001824	-0.001447	0.027037	1.842744	0.580948	1.924101	0.490788	0.460944
2	2011_09_26/2011_09_26_drive_0095_sync/image_02/data/0000000123.png	val/2011_09_26_drive_0095_sync/proj_depth/groundtruth/image_02/0000000123.png	0.999994	0.000989	0.001483	0.003002	-0.054122	0.025037	1.927318	0.580948	1.924101	0.490788	0.460944
3	2011_09_26/2011_09_26_drive_0095_sync/image_02/data/0000000125.png	val/2011_09_26_drive_0095_sync/proj_depth/groundtruth/image_02/0000000125.png	0.999987	-0.000931	0.001328	0.004840	-0.029538	0.030840	1.930112	0.580948	1.924101	0.490788	0.460944
0	2011_09_26/2011_09_26_drive_0095_sync/image_02/data/0000000124.png	val/2011_09_26_drive_0095_sync/proj_depth/groundtruth/image_02/0000000124.png	1.000000	0.000000	0.000000	0.000000	0.000000	0.000000	0.000000	0.580948	1.924101	0.490788	0.460944
1	2011_09_26/2011_09_26_drive_0095_sync/image_02/data/0000000126.png	val/2011_09_26_drive_0095_sync/proj_depth/groundtruth/image_02/0000000126.png	0.999992	-0.000731	0.001061	0.003792	-0.020835	0.027097	1.929489	0.580948	1.924101	0.490788	0.460944
2	2011_09_26/2011_09_26_drive_0095_sync/image_02/data/0000000128.png	val/2011_09_26_drive_0095_sync/proj_depth/groundtruth/image_02/0000000128.png	0.999991	0.003864	0.000399	0.001886	-0.009497	0.025271	1.909378	0.580948	1.924101	0.490788	0.460944
3	2011_09_26/2011_09_26_drive_0095_sync/image_02/data/0000000130.png	val/2011_09_26_drive_0095_sync/proj_depth/groundtruth/image_02/0000000130.png	0.999995	-0.000854	-0.000520	-0.002944	-0.059855	0.031218	1.829374	0.580948	1.924101	0.490788	0.460944
0	2011_09_26/2011_09_26_drive_0095_sync/image_02/data/0000000127.png	val/2011_09_26_drive_0095_sync/proj_depth/groundtruth/image_02/0000000127.png	1.000000	0.000000	0.000000	0.000000	0.000000	0.000000	0.000000	0.580948	1.924101	0.490788	0.460944
1	2011_09_26/2011_09_26_drive_0095_sync/image_02/data/0000000129.png	val/2011_09_26_drive_0095_sync/proj_depth/groundtruth/image_02/0000000129.png	0.999994	0.003576	0.000155	0.000249	-0.031494	0.025907	1.911816	0.580948	1.924101	0.490788	0.460944
2	2011_09_26/2011_09_26_drive_0095_sync/image_02/data/0000000131.png	val/2011_09_26_drive_0095_sync/proj_depth/groundtruth/image_02/0000000131.png	0.999975	-0.006200	-0.001280	-0.003049	-0.073363	0.042033	1.940806	0.580948	1.924101	0.490788	0.460944
3	2011_09_26/2011_09_26_drive_0095_sync/image_02/data/0000000133.png	val/2011_09_26_drive_0095_sync/proj_depth/groundtruth/image_02/0000000133.png	0.999982	-0.005066	-0.002110	-0.002570	-0.052720	0.034754	1.941238	0.580948	1.924101	0.490788	0.460944
0	2011_09_26/2011_09_26_drive_0095_sync/image_02/data/0000000132.png	val/2011_09_26_drive_0095_sync/proj_depth/groundtruth/image_02/0000000132.png	1.000000	0.000000	0.000000	0.000000	0.000000	0.000000	0.000000	0.580948	1.924101	0.490788	0.460944
1	2011_09_26/2011_09_26_drive_0095_sync/image_02/data/0000000134.png	val/2011_09_26_drive_0095_sync/proj_depth/groundtruth/image_02/0000000134.png	0.999993	-0.000158	-0.002802	-0.002494	-0.048415	0.026150	1.929940	0.580948	1.924101	0.490788	0.460944
2	2011_09_26/2011_09_26_drive_0095_sync/image_02/data/0000000136.png	val/2011_09_26_drive_0095_sync/proj_depth/groundtruth/image_02/0000000136.png	0.999975	0.004347	-0.005338	-0.001618	-0.063445	0.025676	1.936370	0.580948	1.924101	0.490788	0.460944
3	2011_09_26/2011_09_26_drive_0095_sync/image_02/data/0000000138.png	val/2011_09_26_drive_0095_sync/proj_depth/groundtruth/image_02/0000000138.png	0.999987	-0.001393	-0.004821	-0.001075	-0.058422	0.031619	1.859263	0.580948	1.924101	0.490788	0.460944
0	2011_09_26/2011_09_26_drive_0095_sync/image_02/data/0000000135.png	val/2011_09_26_drive_0095_sync/proj_depth/groundtruth/image_02/0000000135.png	1.000000	0.000000	0.000000	0.000000	0.000000	0.000000	0.000000	0.580948	1.924101	0.490788	0.460944
1	2011_09_26/2011_09_26_drive_0095_sync/image_02/data/0000000137.png	val/2011_09_26_drive_0095_sync/proj_depth/groundtruth/image_02/0000000137.png	0.999984	0.001679	-0.005342	-0.001213	-0.068533	0.030510	1.944984	0.580948	1.924101	0.490788	0.460944
2	2011_09_26/2011_09_26_drive_0095_sync/image_02/data/0000000139.png	val/2011_09_26_drive_0095_sync/proj_depth/groundtruth/image_02/0000000139.png	0.999988	-0.001257	-0.004393	-0.001954	-0.049114	0.031774	1.956713	0.580948	1.924101	0.490788	0.460944
3	2011_09_26/2011_09_26_drive_0095_sync/image_02/data/0000000141.png	val/2011_09_26_drive_0095_sync/proj_depth/groundtruth/image_02/0000000141.png	0.999995	0.002477	-0.002160	0.000056	-0.020161	0.025873	1.865925	0.580948	1.924101	0.490788	0.460944
0	2011_09_26/2011_09_26_drive_0095_sync/image_02/data/0000000146.png	val/2011_09_26_drive_0095_sync/proj_depth/groundtruth/image_02/0000000146.png	1.000000	0.000000	0.000000	0.000000	0.000000	0.000000	0.000000	0.580948	1.924101	0.490788	0.460944
1	2011_09_26/2011_09_26_drive_0095_sync/image_02/data/0000000148.png	val/2011_09_26_drive_0095_sync/proj_depth/groundtruth/image_02/0000000148.png	0.999990	0.002432	-0.001658	0.003467	0.000421	0.026436	1.954655	0.580948	1.924101	0.490788	0.460944
2	2011_09_26/2011_09_26_drive_0095_sync/image_02/data/0000000150.png	val/2011_09_26_drive_0095_sync/proj_depth/groundtruth/image_02/0000000150.png	0.999999	-0.000235	-0.000356	0.001111	-0.014096	0.027642	1.859269	0.580948	1.924101	0.490788	0.460944
3	2011_09_26/2011_09_26_drive_0095_sync/image_02/data/0000000152.png	val/2011_09_26_drive_0095_sync/proj_depth/groundtruth/image_02/0000000152.png	0.999995	-0.001674	0.002140	0.001618	-0.001101	0.031251	1.950238	0.580948	1.924101	0.490788	0.460944
0	2011_09_26/2011_09_26_drive_0095_sync/image_02/data/0000000151.png	val/2011_09_26_drive_0095_sync/proj_depth/groundtruth/image_02/0000000151.png	1.000000	0.000000	0.000000	0.000000	0.000000	0.000000	0.000000	0.580948	1.924101	0.490788	0.460944
1	2011_09_26/2011_09_26_drive_0095_sync/image_02/data/0000000153.png	val/2011_09_26_drive_0095_sync/proj_depth/groundtruth/image_02/0000000153.png	0.999983	-0.004646	0.003392	0.000733	0.003610	0.034129	1.851612	0.580948	1.924101	0.490788	0.460944
2	2011_09_26/2011_09_26_drive_0095_sync/image_02/data/0000000155.png	val/2011_09_26_drive_0095_sync/proj_depth/groundtruth/image_02/0000000155.png	0.999983	0.003126	0.004913	0.000313	-0.000448	0.023454	1.914469	0.580948	1.924101	0.490788	0.460944
3	2011_09_26/2011_09_26_drive_0095_sync/image_02/data/0000000157.png	val/2011_09_26_drive_0095_sync/proj_depth/groundtruth/image_02/0000000157.png	0.999977	0.001052	0.006692	-0.000430	-0.027492	0.029150	1.905006	0.580948	1.924101	0.490788	0.460944
0	2011_09_26/2011_09_26_drive_0095_sync/image_02/data/0000000154.png	val/2011_09_26_drive_0095_sync/proj_depth/groundtruth/image_02/0000000154.png	1.000000	0.000000	0.000000	0.000000	0.000000	0.000000	0.000000	0.580948	1.924101	0.490788	0.460944
1	2011_09_26/2011_09_26_drive_0095_sync/image_02/data/0000000156.png	val/2011_09_26_drive_0095_sync/proj_depth/groundtruth/image_02/0000000156.png	0.999978	0.003494	0.005424	0.001421	-0.019151	0.025870	1.811817	0.580948	1.924101	0.490788	0.460944
2	2011_09_26/2011_09_26_drive_0095_sync/image_02/data/0000000158.png	val/2011_09_26_drive_0095_sync/proj_depth/groundtruth/image_02/0000000158.png	0.999973	-0.000656	0.007085	-0.002015	-0.023215	0.028654	1.900064	0.580948	1.924101	0.490788	0.460944
3	2011_09_26/2011_09_26_drive_0095_sync/image_02/data/0000000160.png	val/2011_09_26_drive_0095_sync/proj_depth/groundtruth/image_02/0000000160.png	0.999970	0.000030	0.007684	-0.000610	-0.004384	0.029232	1.893880	0.580948	1.924101	0.490788	0.460944
0	2011_09_26/2011_09_26_drive_0095_sync/image_02/data/0000000159.png	val/2011_09_26_drive_0095_sync/proj_depth/groundtruth/image_02/0000000159.png	1.000000	0.000000	0.000000	0.000000	0.000000	0.000000	0.000000	0.580948	1.924101	0.490788	0.460944
1	2011_09_26/2011_09_26_drive_0095_sync/image_02/data/0000000161.png	val/2011_09_26_drive_0095_sync/proj_depth/groundtruth/image_02/0000000161.png	0.999969	0.000451	0.007742	-0.001351	0.002400	0.026671	1.795855	0.580948	1.924101	0.490788	0.460944
2	2011_09_26/2011_09_26_drive_0095_sync/image_02/data/0000000163.png	val/2011_09_26_drive_0095_sync/proj_depth/groundtruth/image_02/0000000163.png	0.999960	-0.002570	0.008305	-0.001942	0.006130	0.034286	1.885214	0.580948	1.924101	0.490788	0.460944
3	2011_09_26/2011_09_26_drive_0095_sync/image_02/data/0000000165.png	val/2011_09_26_drive_0095_sync/proj_depth/groundtruth/image_02/0000000165.png	0.999964	-0.000413	0.008335	0.001533	0.022707	0.027427	1.876980	0.580948	1.924101	0.490788	0.460944
0	2011_09_26/2011_09_26_drive_0095_sync/image_02/data/0000000162.png	val/2011_09_26_drive_0095_sync/proj_depth/groundtruth/image_02/0000000162.png	1.000000	0.000000	0.000000	0.000000	0.000000	0.000000	0.000000	0.580948	1.924101	0.490788	0.460944
1	2011_09_26/2011_09_26_drive_0095_sync/image_02/data/0000000164.png	val/2011_09_26_drive_0095_sync/proj_depth/groundtruth/image_02/0000000164.png	0.999964	-0.002459	0.008060	-0.000363	0.010622	0.029400	1.797753	0.580948	1.924101	0.490788	0.460944
2	2011_09_26/2011_09_26_drive_0095_sync/image_02/data/0000000166.png	val/2011_09_26_drive_0095_sync/proj_depth/groundtruth/image_02/0000000166.png	0.999963	0.003020	0.007959	0.000966	0.024788	0.021875	1.866300	0.580948	1.924101	0.490788	0.460944
3	2011_09_26/2011_09_26_drive_0095_sync/image_02/data/0000000168.png	val/2011_09_26_drive_0095_sync/proj_depth/groundtruth/image_02/0000000168.png	0.999964	0.004425	0.007206	-0.000212	0.010331	0.028513	1.863346	0.580948	1.924101	0.490788	0.460944
0	2011_09_26/2011_09_26_drive_0095_sync/image_02/data/0000000167.png	val/2011_09_26_drive_0095_sync/proj_depth/groundtruth/image_02/0000000167.png	1.000000	0.000000	0.000000	0.000000	0.000000	0.000000	0.000000	0.580948	1.924101	0.490788	0.460944
1	2011_09_26/2011_09_26_drive_0095_sync/image_02/data/0000000169.png	val/2011_09_26_drive_0095_sync/proj_depth/groundtruth/image_02/0000000169.png	0.999970	0.000880	0.007477	-0.001542	0.006929	0.034227	1.873937	0.580948	1.924101	0.490788	0.460944
2	2011_09_26/2011_09_26_drive_0095_sync/image_02/data/0000000171.png	val/2011_09_26_drive_0095_sync/proj_depth/groundtruth/image_02/0000000171.png	0.999961	-0.003066	0.007067	-0.004346	0.001368	0.036142	1.874992	0.580948	1.924101	0.490788	0.460944
3	2011_09_26/2011_09_26_drive_0095_sync/image_02/data/0000000173.png	val/2011_09_26_drive_0095_sync/proj_depth/groundtruth/image_02/0000000173.png	0.999979	0.000732	0.006295	-0.001041	0.009210	0.025393	1.785492	0.580948	1.924101	0.490788	0.460944
0	2011_09_26/2011_09_26_drive_0095_sync/image_02/data/0000000170.png	val/2011_09_26_drive_0095_sync/proj_depth/groundtruth/image_02/0000000170.png	1.000000	0.000000	0.000000	0.000000	0.000000	0.000000	0.000000	0.580948	1.924101	0.490788	0.460944
1	2011_09_26/2011_09_26_drive_0095_sync/image_02/data/0000000172.png	val/2011_09_26_drive_0095_sync/proj_depth/groundtruth/image_02/0000000172.png	0.999970	-0.002363	0.006875	-0.002589	0.005916	0.033940	1.879502	0.580948	1.924101	0.490788	0.460944
2	2011_09_26/2011_09_26_drive_0095_sync/image_02/data/0000000174.png	val/2011_09_26_drive_0095_sync/proj_depth/groundtruth/image_02/0000000174.png	0.999971	0.003952	0.006410	0.001163	0.017920	0.023152	1.861624	0.580948	1.924101	0.490788	0.460944
3	2011_09_26/2011_09_26_drive_0095_sync/image_02/data/0000000176.png	val/2011_09_26_drive_0095_sync/proj_depth/groundtruth/image_02/0000000176.png	0.999981	0.000863	0.006022	0.000793	0.017315	0.034681	1.868156	0.580948	1.924101	0.490788	0.460944
0	2011_09_26/2011_09_26_drive_0095_sync/image_02/data/0000000175.png	val/2011_09_26_drive_0095_sync/proj_depth/groundtruth/image_02/0000000175.png	1.000000	0.000000	0.000000	0.000000	0.000000	0.000000	0.000000	0.580948	1.924101	0.490788	0.460944
1	2011_09_26/2011_09_26_drive_0095_sync/image_02/data/0000000177.png	val/2011_09_26_drive_0095_sync/proj_depth/groundtruth/image_02/0000000177.png	0.999975	-0.003917	0.005844	0.000570	0.018365	0.040267	1.871303	0.580948	1.924101	0.490788	0.460944
2	2011_09_26/2011_09_26_drive_0095_sync/image_02/data/0000000179.png	val/2011_09_26_drive_0095_sync/proj_depth/groundtruth/image_02/0000000179.png	0.999954	-0.007444	0.005805	-0.001766	0.012829	0.038447	1.870580	0.580948	1.924101	0.490788	0.460944
3	2011_09_26/2011_09_26_drive_0095_sync/image_02/data/0000000181.png	val/2011_09_26_drive_0095_sync/proj_depth/groundtruth/image_02/0000000181.png	0.999984	0.001786	0.005259	-0.000455	0.015694	0.023519	1.765199	0.580948	1.924101	0.490788	0.460944
0	2011_09_26/2011_09_26_drive_0095_sync/image_02/data/0000000178.png	val/2011_09_26_drive_0095_sync/proj_depth/groundtruth/image_02/0000000178.png	1.000000	0.000000	0.000000	0.000000	0.000000	0.000000	0.000000	0.580948	1.924101	0.490788	0.460944
1	2011_09_26/2011_09_26_drive_0095_sync/image_02/data/0000000180.png	val/2011_09_26_drive_0095_sync/proj_depth/groundtruth/image_02/0000000180.png	0.999973	-0.004053	0.005736	-0.002001	0.009567	0.033083	1.869886	0.580948	1.924101	0.490788	0.460944
2	2011_09_26/2011_09_26_drive_0095_sync/image_02/data/0000000182.png	val/2011_09_26_drive_0095_sync/proj_depth/groundtruth/image_02/0000000182.png	0.999958	0.007622	0.005141	-0.000513	0.021056	0.015647	1.834050	0.580948	1.924101	0.490788	0.460944
3	2011_09_26/2011_09_26_drive_0095_sync/image_02/data/0000000184.png	val/2011_09_26_drive_0095_sync/proj_depth/groundtruth/image_02/0000000184.png	0.999964	0.007284	0.003924	0.001986	0.024374	0.027974	1.739914	0.580948	1.924101	0.490788	0.460944
0	2011_09_26/2011_09_26_drive_0095_sync/image_02/data/0000000190.png	val/2011_09_26_drive_0095_sync/proj_depth/groundtruth/image_02/0000000190.png	1.000000	0.000000	0.000000	0.000000	0.000000	0.000000	0.000000	0.580948	1.924101	0.490788	0.460944
1	2011_09_26/2011_09_26_drive_0095_sync/image_02/data/0000000192.png	val/2011_09_26_drive_0095_sync/proj_depth/groundtruth/image_02/0000000192.png	0.999965	-0.003610	0.006527	-0.003780	0.000360	0.037011	1.799052	0.580948	1.924101	0.490788	0.460944
2	2011_09_26/2011_09_26_drive_0095_sync/image_02/data/0000000194.png	val/2011_09_26_drive_0095_sync/proj_depth/groundtruth/image_02/0000000194.png	0.999983	-0.000811	0.005836	-0.000305	0.006091	0.031024	1.782838	0.580948	1.924101	0.490788	0.460944
3	2011_09_26/2011_09_26_drive_0095_sync/image_02/data/0000000196.png	val/2011_09_26_drive_0095_sync/proj_depth/groundtruth/image_02/0000000196.png	0.999982	0.001457	0.005822	-0.000820	-0.009693	0.031292	1.692590	0.580948	1.924101	0.490788	0.460944
0	2011_09_26/2011_09_26_drive_0095_sync/image_02/data/0000000195.png	val/2011_09_26_drive_0095_sync/proj_depth/groundtruth/image_02/0000000195.png	1.000000	0.000000	0.000000	0.000000	0.000000	0.000000	0.000000	0.580948	1.924101	0.490788	0.460944
1	2011_09_26/2011_09_26_drive_0095_sync/image_02/data/0000000197.png	val/2011_09_26_drive_0095_sync/proj_depth/groundtruth/image_02/0000000197.png	0.999983	-0.000956	0.005812	0.000050	-0.003103	0.036651	1.778623	0.580948	1.924101	0.490788	0.460944
2	2011_09_26/2011_09_26_drive_0095_sync/image_02/data/0000000199.png	val/2011_09_26_drive_0095_sync/proj_depth/groundtruth/image_02/0000000199.png	0.999988	0.000455	0.004675	0.001062	0.004993	0.026756	1.682495	0.580948	1.924101	0.490788	0.460944
3	2011_09_26/2011_09_26_drive_0095_sync/image_02/data/0000000201.png	val/2011_09_26_drive_0095_sync/proj_depth/groundtruth/image_02/0000000201.png	0.999988	0.001681	0.004612	0.000360	0.001491	0.038080	2.016296	0.580948	1.924101	0.490788	0.460944
0	2011_09_26/2011_09_26_drive_0095_sync/image_02/data/0000000198.png	val/2011_09_26_drive_0095_sync/proj_depth/groundtruth/image_02/0000000198.png	1.000000	0.000000	0.000000	0.000000	0.000000	0.000000	0.000000	0.580948	1.924101	0.490788	0.460944
1	2011_09_26/2011_09_26_drive_0095_sync/image_02/data/0000000200.png	val/2011_09_26_drive_0095_sync/proj_depth/groundtruth/image_02/0000000200.png	0.999988	0.002166	0.004172	0.001670	0.005469	0.032508	1.761661	0.580948	1.924101	0.490788	0.460944
2	2011_09_26/2011_09_26_drive_0095_sync/image_02/data/0000000202.png	val/2011_09_26_drive_0095_sync/proj_depth/groundtruth/image_02/0000000202.png	0.999992	0.000339	0.004022	0.000117	-0.000170	0.033294	1.684753	0.580948	1.924101	0.490788	0.460944
3	2011_09_26/2011_09_26_drive_0095_sync/image_02/data/0000000204.png	val/2011_09_26_drive_0095_sync/proj_depth/groundtruth/image_02/0000000204.png	0.999989	0.002173	0.004039	0.000689	0.004701	0.035819	1.761010	0.580948	1.924101	0.490788	0.460944
0	2011_09_26/2011_09_26_drive_0095_sync/image_02/data/0000000203.png	val/2011_09_26_drive_0095_sync/proj_depth/groundtruth/image_02/0000000203.png	1.000000	0.000000	0.000000	0.000000	0.000000	0.000000	0.000000	0.580948	1.924101	0.490788	0.460944
1	2011_09_26/2011_09_26_drive_0095_sync/image_02/data/0000000205.png	val/2011_09_26_drive_0095_sync/proj_depth/groundtruth/image_02/0000000205.png	0.999989	-0.000623	0.003267	0.003326	0.013681	0.042705	1.779477	0.580948	1.924101	0.490788	0.460944
2	2011_09_26/2011_09_26_drive_0095_sync/image_02/data/0000000207.png	val/2011_09_26_drive_0095_sync/proj_depth/groundtruth/image_02/0000000207.png	0.999990	-0.003378	0.002282	0.001555	0.007767	0.037552	1.709385	0.580948	1.924101	0.490788	0.460944
3	2011_09_26/2011_09_26_drive_0095_sync/image_02/data/0000000209.png	val/2011_09_26_drive_0095_sync/proj_depth/groundtruth/image_02/0000000209.png	0.999998	0.001522	0.001448	0.000298	0.010816	0.035534	1.801775	0.580948	1.924101	0.490788	0.460944
0	2011_09_26/2011_09_26_drive_0095_sync/image_02/data/0000000206.png	val/2011_09_26_drive_0095_sync/proj_depth/groundtruth/image_02/0000000206.png	1.000000	0.000000	0.000000	0.000000	0.000000	0.000000	0.000000	0.580948	1.924101	0.490788	0.460944
1	2011_09_26/2011_09_26_drive_0095_sync/image_02/data/0000000208.png	val/2011_09_26_drive_0095_sync/proj_depth/groundtruth/image_02/0000000208.png	0.999998	-0.000158	0.001607	0.001161	0.006719	0.038533	1.798675	0.580948	1.924101	0.490788	0.460944
2	2011_09_26/2011_09_26_drive_0095_sync/image_02/data/0000000210.png	val/2011_09_26_drive_0095_sync/proj_depth/groundtruth/image_02/0000000210.png	0.999997	0.001962	0.001406	0.000209	0.103138	0.021910	1.768891	0.580948	1.924101	0.490788	0.460944
3	2011_09_26/2011_09_26_drive_0095_sync/image_02/data/0000000212.png	val/2011_09_26_drive_0095_sync/proj_depth/groundtruth/image_02/0000000212.png	0.999999	0.000434	0.001190	0.000340	0.342619	-0.071874	1.958023	0.580948	1.924101	0.490788	0.460944
0	2011_09_26/2011_09_26_drive_0095_sync/image_02/data/0000000211.png	val/2011_09_26_drive_0095_sync/proj_depth/groundtruth/image_02/0000000211.png	1.000000	0.000000	0.000000	0.000000	0.000000	0.000000	0.000000	0.580948	1.924101	0.490788	0.460944
1	2011_09_26/2011_09_26_drive_0095_sync/image_02/data/0000000213.png	val/2011_09_26_drive_0095_sync/proj_depth/groundtruth/image_02/0000000213.png	0.999999	-0.000965	0.000957	0.000331	0.313018	-0.040525	1.837634	0.580948	1.924101	0.490788	0.460944
2	2011_09_26/2011_09_26_drive_0095_sync/image_02/data/0000000215.png	val/2011_09_26_drive_0095_sync/proj_depth/groundtruth/image_02/0000000215.png	0.999999	-0.000627	0.001257	0.000429	0.291738	-0.041571	1.891660	0.580948	1.924101	0.490788	0.460944
3	2011_09_26/2011_09_26_drive_0095_sync/image_02/data/0000000217.png	val/2011_09_26_drive_0095_sync/proj_depth/groundtruth/image_02/0000000217.png	0.999993	-0.000919	0.003023	-0.001967	0.364937	-0.218018	1.978505	0.580948	1.924101	0.490788	0.460944
0	2011_09_26/2011_09_26_drive_0095_sync/image_02/data/0000000214.png	val/2011_09_26_drive_0095_sync/proj_depth/groundtruth/image_02/0000000214.png	1.000000	0.000000	0.000000	0.000000	0.000000	0.000000	0.000000	0.580948	1.924101	0.490788	0.460944
1	2011_09_26/2011_09_26_drive_0095_sync/image_02/data/0000000216.png	val/2011_09_26_drive_0095_sync/proj_depth/groundtruth/image_02/0000000216.png	0.999997	-0.000851	0.002011	-0.001032	0.373848	-0.174573	1.858164	0.580948	1.924101	0.490788	0.460944
2	2011_09_26/2011_09_26_drive_0095_sync/image_02/data/0000000218.png	val/2011_09_26_drive_0095_sync/proj_depth/groundtruth/image_02/0000000218.png	0.999991	-0.001100	0.003938	-0.000548	0.323876	-0.181969	1.982001	0.580948	1.924101	0.490788	0.460944
3	2011_09_26/2011_09_26_drive_0095_sync/image_02/data/0000000220.png	val/2011_09_26_drive_0095_sync/proj_depth/groundtruth/image_02/0000000220.png	0.999984	0.003130	0.004628	0.000978	0.248170	-0.125760	1.983954	0.580948	1.924101	0.490788	0.460944
0	2011_09_26/2011_09_26_drive_0095_sync/image_02/data/0000000219.png	val/2011_09_26_drive_0095_sync/proj_depth/groundtruth/image_02/0000000219.png	1.000000	0.000000	0.000000	0.000000	0.000000	0.000000	0.000000	0.580948	1.924101	0.490788	0.460944
1	2011_09_26/2011_09_26_drive_0095_sync/image_02/data/0000000221.png	val/2011_09_26_drive_0095_sync/proj_depth/groundtruth/image_02/0000000221.png	0.999979	0.002914	0.005851	0.000497	0.219882	-0.098448	1.992964	0.580948	1.924101	0.490788	0.460944
2	2011_09_26/2011_09_26_drive_0095_sync/image_02/data/0000000223.png	val/2011_09_26_drive_0095_sync/proj_depth/groundtruth/image_02/0000000223.png	0.999971	-0.002641	0.007140	-0.000780	0.175505	-0.054392	2.032857	0.580948	1.924101	0.490788	0.460944
3	2011_09_26/2011_09_26_drive_0095_sync/image_02/data/0000000225.png	val/2011_09_26_drive_0095_sync/proj_depth/groundtruth/image_02/0000000225.png	0.999975	0.000390	0.006760	-0.001940	0.133247	-0.058679	1.969098	0.580948	1.924101	0.490788	0.460944
0	2011_09_26/2011_09_26_drive_0095_sync/image_02/data/0000000222.png	val/2011_09_26_drive_0095_sync/proj_depth/groundtruth/image_02/0000000222.png	1.000000	0.000000	0.000000	0.000000	0.000000	0.000000	0.000000	0.580948	1.924101	0.490788	0.460944
1	2011_09_26/2011_09_26_drive_0095_sync/image_02/data/0000000224.png	val/2011_09_26_drive_0095_sync/proj_depth/groundtruth/image_02/0000000224.png	0.999973	-0.001481	0.007127	-0.001217	0.147418	-0.041927	2.043994	0.580948	1.924101	0.490788	0.460944
2	2011_09_26/2011_09_26_drive_0095_sync/image_02/data/0000000226.png	val/2011_09_26_drive_0095_sync/proj_depth/groundtruth/image_02/0000000226.png	0.999974	0.001675	0.006993	-0.000775	0.150383	-0.125267	2.109723	0.580948	1.924101	0.490788	0.460944
3	2011_09_26/2011_09_26_drive_0095_sync/image_02/data/0000000228.png	val/2011_09_26_drive_0095_sync/proj_depth/groundtruth/image_02/0000000228.png	0.999977	-0.000084	0.006747	-0.001177	0.114732	-0.094317	2.035245	0.580948	1.924101	0.490788	0.460944
0	2011_09_26/2011_09_26_drive_0095_sync/image_02/data/0000000227.png	val/2011_09_26_drive_0095_sync/proj_depth/groundtruth/image_02/0000000227.png	1.000000	0.000000	0.000000	0.000000	0.000000	0.000000	0.000000	0.580948	1.924101	0.490788	0.460944
1	2011_09_26/2011_09_26_drive_0095_sync/image_02/data/0000000229.png	val/2011_09_26_drive_0095_sync/proj_depth/groundtruth/image_02/0000000229.png	0.999974	-0.001288	0.007027	-0.001008	0.118468	-0.118338	2.164257	0.580948	1.924101	0.490788	0.460944
2	2011_09_26/2011_09_26_drive_0095_sync/image_02/data/0000000231.png	val/2011_09_26_drive_0095_sync/proj_depth/groundtruth/image_02/0000000231.png	0.999977	0.000817	0.006578	-0.001476	0.096488	-0.224367	2.139950	0.580948	1.924101	0.490788	0.460944
3	2011_09_26/2011_09_26_drive_0095_sync/image_02/data/0000000233.png	val/2011_09_26_drive_0095_sync/proj_depth/groundtruth/image_02/0000000233.png	0.999965	-0.003076	0.007667	-0.001232	0.047634	-0.215571	2.235074	0.580948	1.924101	0.490788	0.460944
0	2011_09_26/2011_09_26_drive_0095_sync/image_02/data/0000000230.png	val/2011_09_26_drive_0095_sync/proj_depth/groundtruth/image_02/0000000230.png	1.000000	0.000000	0.000000	0.000000	0.000000	0.000000	0.000000	0.580948	1.924101	0.490788	0.460944
1	2011_09_26/2011_09_26_drive_0095_sync/image_02/data/0000000232.png	val/2011_09_26_drive_0095_sync/proj_depth/groundtruth/image_02/0000000232.png	0.999969	-0.000864	0.007312	-0.002642	0.076491	-0.209211	2.249768	0.580948	1.924101	0.490788	0.460944
2	2011_09_26/2011_09_26_drive_0095_sync/image_02/data/0000000234.png	val/2011_09_26_drive_0095_sync/proj_depth/groundtruth/image_02/0000000234.png	0.999968	-0.002476	0.007480	-0.001014	0.000699	-0.180935	2.097233	0.580948	1.924101	0.490788	0.460944
3	2011_09_26/2011_09_26_drive_0095_sync/image_02/data/0000000236.png	val/2011_09_26_drive_0095_sync/proj_depth/groundtruth/image_02/0000000236.png	0.999927	0.010035	0.006781	0.000237	-0.023485	-0.039741	2.144818	0.580948	1.924101	0.490788	0.460944
0	2011_09_26/2011_09_26_drive_0095_sync/image_02/data/0000000235.png	val/2011_09_26_drive_0095_sync/proj_depth/groundtruth/image_02/0000000235.png	1.000000	0.000000	0.000000	0.000000	0.000000	0.000000	0.000000	0.580948	1.924101	0.490788	0.460944
1	2011_09_26/2011_09_26_drive_0095_sync/image_02/data/0000000237.png	val/2011_09_26_drive_0095_sync/proj_depth/groundtruth/image_02/0000000237.png	0.999952	0.007333	0.006279	0.001616	-0.012015	0.003541	2.053744	0.580948	1.924101	0.490788	0.460944
2	2011_09_26/2011_09_26_drive_0095_sync/image_02/data/0000000239.png	val/2011_09_26_drive_0095_sync/proj_depth/groundtruth/image_02/0000000239.png	0.999946	-0.006840	0.007723	-0.001559	-0.013964	0.027898	2.205242	0.580948	1.924101	0.490788	0.460944
3	2011_09_26/2011_09_26_drive_0095_sync/image_02/data/0000000241.png	val/2011_09_26_drive_0095_sync/proj_depth/groundtruth/image_02/0000000241.png	0.999952	0.003325	0.009228	-0.000614	-0.000161	0.010774	2.201756	0.580948	1.924101	0.490788	0.460944
0	2011_09_26/2011_09_26_drive_0095_sync/image_02/data/0000000238.png	val/2011_09_26_drive_0095_sync/proj_depth/groundtruth/image_02/0000000238.png	1.000000	0.000000	0.000000	0.000000	0.000000	0.000000	0.000000	0.580948	1.924101	0.490788	0.460944
1	2011_09_26/2011_09_26_drive_0095_sync/image_02/data/0000000240.png	val/2011_09_26_drive_0095_sync/proj_depth/groundtruth/image_02/0000000240.png	0.999959	-0.001796	0.008676	-0.002095	-0.009376	0.016584	2.205547	0.580948	1.924101	0.490788	0.460944
2	2011_09_26/2011_09_26_drive_0095_sync/image_02/data/0000000242.png	val/2011_09_26_drive_0095_sync/proj_depth/groundtruth/image_02/0000000242.png	0.999955	0.003852	0.008679	0.000694	0.005714	0.009977	2.101937	0.580948	1.924101	0.490788	0.460944
3	2011_09_26/2011_09_26_drive_0095_sync/image_02/data/0000000244.png	val/2011_09_26_drive_0095_sync/proj_depth/groundtruth/image_02/0000000244.png	0.999932	-0.007029	0.009118	0.001869	0.020748	0.030025	2.239040	0.580948	1.924101	0.490788	0.460944
0	2011_09_26/2011_09_26_drive_0095_sync/image_02/data/0000000243.png	val/2011_09_26_drive_0095_sync/proj_depth/groundtruth/image_02/0000000243.png	1.000000	0.000000	0.000000	0.000000	0.000000	0.000000	0.000000	0.580948	1.924101	0.490788	0.460944
1	2011_09_26/2011_09_26_drive_0095_sync/image_02/data/0000000245.png	val/2011_09_26_drive_0095_sync/proj_depth/groundtruth/image_02/0000000245.png	0.999889	-0.012071	0.008772	-0.000057	0.016842	0.034498	2.147874	0.580948	1.924101	0.490788	0.460944
2	2011_09_26/2011_09_26_drive_0095_sync/image_02/data/0000000247.png	val/2011_09_26_drive_0095_sync/proj_depth/groundtruth/image_02/0000000247.png	0.999957	0.000286	0.009311	0.000300	0.020731	0.016015	2.235795	0.580948	1.924101	0.490788	0.460944
3	2011_09_26/2011_09_26_drive_0095_sync/image_02/data/0000000249.png	val/2011_09_26_drive_0095_sync/proj_depth/groundtruth/image_02/0000000249.png	0.999887	0.011882	0.009209	-0.000842	0.018954	-0.001850	2.214835	0.580948	1.924101	0.490788	0.460944
0	2011_09_26/2011_09_26_drive_0095_sync/image_02/data/0000000246.png	val/2011_09_26_drive_0095_sync/proj_depth/groundtruth/image_02/0000000246.png	1.000000	0.000000	0.000000	0.000000	0.000000	0.000000	0.000000	0.580948	1.924101	0.490788	0.460944
1	2011_09_26/2011_09_26_drive_0095_sync/image_02/data/0000000248.png	val/2011_09_26_drive_0095_sync/proj_depth/groundtruth/image_02/0000000248.png	0.999898	0.010908	0.008931	-0.002058	0.014671	-0.005383	2.109916	0.580948	1.924101	0.490788	0.460944
2	2011_09_26/2011_09_26_drive_0095_sync/image_02/data/0000000250.png	val/2011_09_26_drive_0095_sync/proj_depth/groundtruth/image_02/0000000250.png	0.999948	0.004651	0.008992	-0.001109	0.020250	0.011357	2.229841	0.580948	1.924101	0.490788	0.460944
3	2011_09_26/2011_09_26_drive_0095_sync/image_02/data/0000000252.png	val/2011_09_26_drive_0095_sync/proj_depth/groundtruth/image_02/0000000252.png	0.999951	-0.004616	0.008749	0.000790	0.024729	0.031158	2.248433	0.580948	1.924101	0.490788	0.460944
0	2011_09_26/2011_09_26_drive_0095_sync/image_02/data/0000000251.png	val/2011_09_26_drive_0095_sync/proj_depth/groundtruth/image_02/0000000251.png	1.000000	0.000000	0.000000	0.000000	0.000000	0.000000	0.000000	0.580948	1.924101	0.490788	0.460944
1	2011_09_26/2011_09_26_drive_0095_sync/image_02/data/0000000253.png	val/2011_09_26_drive_0095_sync/proj_depth/groundtruth/image_02/0000000253.png	0.999961	-0.003671	0.007603	0.002428	0.028208	0.027818	2.244999	0.580948	1.924101	0.490788	0.460944
2	2011_09_26/2011_09_26_drive_0095_sync/image_02/data/0000000255.png	val/2011_09_26_drive_0095_sync/proj_depth/groundtruth/image_02/0000000255.png	0.999984	-0.001117	0.005171	0.001905	0.021506	0.019073	2.239767	0.580948	1.924101	0.490788	0.460944
3	2011_09_26/2011_09_26_drive_0095_sync/image_02/data/0000000257.png	val/2011_09_26_drive_0095_sync/proj_depth/groundtruth/image_02/0000000257.png	0.999984	-0.003162	0.004110	0.002295	0.015262	0.021345	2.138425	0.580948	1.924101	0.490788	0.460944
0	2011_09_26/2011_09_26_drive_0095_sync/image_02/data/0000000254.png	val/2011_09_26_drive_0095_sync/proj_depth/groundtruth/image_02/0000000254.png	1.000000	0.000000	0.000000	0.000000	0.000000	0.000000	0.000000	0.580948	1.924101	0.490788	0.460944
1	2011_09_26/2011_09_26_drive_0095_sync/image_02/data/0000000256.png	val/2011_09_26_drive_0095_sync/proj_depth/groundtruth/image_02/0000000256.png	0.999988	-0.001505	0.004463	0.001232	0.014958	0.019534	2.240977	0.580948	1.924101	0.490788	0.460944
2	2011_09_26/2011_09_26_drive_0095_sync/image_02/data/0000000258.png	val/2011_09_26_drive_0095_sync/proj_depth/groundtruth/image_02/0000000258.png	0.999986	-0.002690	0.004097	0.002088	0.016585	0.021858	2.242787	0.580948	1.924101	0.490788	0.460944
3	2011_09_26/2011_09_26_drive_0095_sync/image_02/data/0000000260.png	val/2011_09_26_drive_0095_sync/proj_depth/groundtruth/image_02/0000000260.png	0.999963	0.008067	0.001665	0.002342	0.013394	0.006419	2.109906	0.580948	1.924101	0.490788	0.460944
